<?xml version="1.0" encoding="UTF-8"?>
<beans:beans xmlns="http://www.springframework.org/schema/mvc"
	xmlns:security="http://www.springframework.org/schema/security"
	xmlns:util="http://www.springframework.org/schema/util" xmlns:xsi="http://www.w3.org/2001/XMLSchema-instance"
	xmlns:beans="http://www.springframework.org/schema/beans"
	xmlns:context="http://www.springframework.org/schema/context" xmlns:tx="http://www.springframework.org/schema/tx"
	xsi:schemaLocation="http://www.springframework.org/schema/mvc 
         http://www.springframework.org/schema/mvc/spring-mvc.xsd
         http://www.springframework.org/schema/util 
         http://www.springframework.org/schema/util/spring-util.xsd 
         http://www.springframework.org/schema/beans 
         http://www.springframework.org/schema/beans/spring-beans.xsd
         http://www.springframework.org/schema/context 
         http://www.springframework.org/schema/context/spring-context.xsd
         http://www.springframework.org/schema/tx 
         http://www.springframework.org/schema/tx/spring-tx.xsd">
         
	<!-- hibernate db context -->
	<beans:bean id="dataSource" class="org.apache.commons.dbcp.BasicDataSource"
		destroy-method="close">
		<beans:property name="driverClassName" value="org.h2.Driver" />
		<!-- <beans:property name="url" value="jdbc:h2:tcp://localhost/~/dbyuva" 
			/> -->
		<beans:property name="url" value="jdbc:h2:tcp://localhost/~/dbyuva" />
		<beans:property name="username" value="sa" />
		<beans:property name="password" value="sa" />
	</beans:bean>

	<context:component-scan base-package="com.*" />
	<beans:bean id="sessionFactory"
		class="org.springframework.orm.hibernate4.LocalSessionFactoryBean">

		<beans:property name="dataSource" ref="dataSource" />
		<beans:property name="hibernateProperties">
			<beans:props>
				<beans:prop key="hibernate.dialect">org.hibernate.dialect.H2Dialect
				</beans:prop>
				<beans:prop key="hibernate.show_sql">true</beans:prop>
				<beans:prop key="hibernate.format_sql">true</beans:prop>
				<beans:prop key="hibernate.hbm2ddl.auto">update</beans:prop>
				<beans:prop key="hibernate.connection.autocommit">false</beans:prop>
			</beans:props>
		</beans:property>
		<beans:property name="packagesToScan">
			<beans:list>
				<beans:value>com.model</beans:value>
			</beans:list>
		</beans:property>
	</beans:bean>

	<beans:bean id="transactionManager"
		class="org.springframework.orm.hibernate4.HibernateTransactionManager">
		<beans:property name="sessionFactory" ref="sessionFactory" />
	</beans:bean>
	<beans:bean id="multipartResolver"
		class="org.springframework.web.multipart.commons.CommonsMultipartResolver">
		<!-- one of the properties available; the maximum file size in bytes -->
		<beans:property name="maxUploadSize" value="300000" />
	</beans:bean>
	<beans:bean id="mailSender"
		class="org.springframework.mail.javamail.JavaMailSenderImpl">
		<beans:property name="host" value="smtp.gmail.com" />
		<beans:property name="port" value="587" />
		<beans:property name="username" value="yuvareee95@gmail.com" />
		<beans:property name="password" value="27101995dadmom" />

		<!-- The name of the property, following JavaBean naming conventions -->
		<beans:property name="javaMailProperties">
			<beans:props>
				<beans:prop key="mail.transport.protocol">smtp</beans:prop>
				<beans:prop key="mail.smtp.auth">true</beans:prop>
				<beans:prop key="mail.smtp.starttls.enable">true</beans:prop>
				<beans:prop key="mail.debug">true</beans:prop>
			</beans:props>
		</beans:property>
	</beans:bean>
</beans:beans>